model,module,prompt_type,prompt_id,response_text
claude,peak_broadening,open_ended,PB_01,"""Peak broadening that increases with 2θ (after accounting for instrumental contributions) is the hallmark of **microstrain broadening**, though crystallite size broadening may also be present. Here's how to interpret this:

## The Scherrer vs. Williamson-Hall Distinction

This is the key diagnostic. The two main sources of physical broadening behave differently:

| Source | Broadening behaviour | 2θ dependence |
|---|---|---|
| **Crystallite size** | β ∝ 1/cos θ | Roughly constant in reciprocal space |
| **Microstrain** | β ∝ tan θ | Increases with 2θ |

Broadening that **increases with 2θ** points primarily to **microstrain**, not small crystallite size.

---

## Most Likely Physical Causes

**1. Lattice microstrain (non-uniform strain)**
The dominant candidate. Arises from inhomogeneous distributions of:
- Dislocations and stacking faults
- Point defects (vacancies, interstitials, substitutional atoms)
- Compositional fluctuations in solid solutions
- Internal stress gradients

These cause local variations in *d*-spacings, so each crystallite diffracts at a slightly different angle → peak broadening that grows with 2θ.

**2. Crystal defects and disorder**
- Antiphase domain boundaries
- Planar faults (particularly in close-packed structures) — these can have complex 2θ-dependent signatures
- Heavily deformed or ball-milled materials are classic examples

**3. Residual stress gradients**
Macroscopic or mesoscopic stress distributions that aren't uniform across the diffracting volume.

---

## What the Good Peak Positions Tell You

The fact that **peak positions agree well** with the structural model is important — it means:
- The *average* lattice parameter is well-defined (no systematic shift)
- You're dealing with *local* disorder around a well-defined mean structure
- This rules out a simple wrong phase or major compositional error

---

## How to Confirm and Quantify

**Williamson-Hall plot** is the standard diagnostic:

$$\beta \cos\theta = \frac{K\lambda}{D} + 4\varepsilon \sin\theta$$

Plot β cos θ vs. sin θ:
- A **horizontal line** → pure size broadening
- A **positive slope** → microstrain (ε) present
- The **y-intercept** gives crystallite size

In Rietveld refinement specifically, you can model this using the **Stephens (1999) anisotropic strain model** or the **Thompson-Cox-Hastings** peak profile parameters (particularly the Gaussian strain term *U* in the Caglioti formula: FWHM² = *U* tan²θ + *V* tan θ + *W*), where a large refined *U* parameter is direct evidence of microstrain.

---

## Summary

The most likely causes, in order of probability, are **microstrain from lattice defects** (dislocations, point defects, compositional disorder) with possible contributions from **small but finite crystallite size**. The 2θ-dependent broadening is the fingerprint of strain inhomogeneity, and a Williamson-Hall analysis alongside your Rietveld refinement will let you deconvolute and quantify both contributions."""
claude,peak_broadening,prioritisation,PB_02,"""## Most Likely Dominant Cause: **Crystallite Size Broadening (Scherrer Broadening)**

Wait — actually, the key detail here is the **angular dependence**: broadening that *increases with 2θ*.

This pattern of angular dependence is the diagnostic fingerprint that distinguishes between the main causes:

---

## Angular Dependence of Peak Broadening

| Cause | Broadening behaviour with 2θ | Mathematical form |
|---|---|---|
| **Crystallite size** | Decreases with 2θ (constant in *d*-space) | β ∝ 1/cos θ |
| **Microstrain** | **Increases with 2θ** | β ∝ tan θ |
| **Instrument** | Roughly constant or slowly varying | Instrument function |
| **Stacking faults** | hkl-dependent, irregular | Complex |

---

## Most Likely Dominant Cause: **Microstrain Broadening**

Broadening that **increases with increasing 2θ** is the classical signature of **microstrain** (also called lattice strain or non-uniform strain).

### Why microstrain produces this behaviour

Microstrain arises from local variations in *d*-spacings across the crystallite, caused by:
- Dislocations and defects
- Substitutional disorder / solid solutions
- Grain boundary stresses
- Point defects or vacancies

The Bragg equation (nλ = 2d·sinθ) means that a distribution of *d*-spacings Δd/d produces a **proportional spread in diffraction angle**, which grows with 2θ:

$$\Delta(2\theta) = -2 \cdot \frac{\Delta d}{d} \cdot \tan\theta$$

So broadening scales as **tan θ**, meaning it becomes progressively worse at high angles — exactly what you observe.

---

## How to Confirm: Williamson–Hall Plot

Plot:

$$\beta \cos\theta \quad \text{vs.} \quad \sin\theta$$

- A **horizontal line** → pure size broadening
- A **positive slope** → microstrain is dominant
- Both contributions → intercept gives size (via Scherrer), slope gives strain (ε)

The slope of the W–H plot gives the microstrain directly: slope = 4ε.

---

## Summary

The increasing broadening with 2θ is **inconsistent with crystallite size alone** (which would give *decreasing* or constant broadening in β·cos θ space) and is the **definitive hallmark of microstrain**. This is most commonly introduced by lattice defects, compositional inhomogeneity, or mechanical strain within the crystallites."""
claude,peak_broadening,strategy_critique,PB_03,"""## Is This Approach Appropriate?

**Partially — but it's likely missing the dominant physical cause.**

---

### What peak broadening increasing with 2θ tells you

Peak broadening in PXRD has two principal physical sources, and they have distinct **angular dependencies**:

| Source | Broadening dependence | Linearises in |
|---|---|---|
| **Crystallite size** (Scherrer) | β ∝ 1/cos θ | Williamson–Hall plot as *flat* contribution |
| **Microstrain** (lattice distortion) | β ∝ tan θ | Williamson–Hall plot as *sloped* contribution |

Broadening that **systematically increases with 2θ** is the classic signature of **microstrain broadening**, not (primarily) crystallite size broadening. Crystallite size produces broadening that is relatively uniform or only weakly angle-dependent.

A Williamson–Hall plot — β·cos θ vs. sin θ — would immediately distinguish these: a non-zero slope indicates microstrain, while the y-intercept gives the size contribution.

---

### Why the proposed approach is problematic

1. **Misattribution of physical cause.** Refining only crystallite size will absorb the microstrain signal into an unphysical size parameter, giving a formally better fit but a **physically wrong model**.

2. **Profile parameters alone won't fix it correctly.** Standard pseudo-Voigt or Pearson-VII peak shape functions in Rietveld refinement encode both size (Lorentzian width) and strain (Gaussian width) through the **Caglioti parameters** (U, V, W). If strain is the dominant effect but isn't modelled explicitly, the Gaussian broadening term U will refine to unphysically large values.

3. **Risk of over-fitting.** Chasing residuals with profile parameters without a correct physical model can introduce correlations and instability, especially if the sample also has **anisotropic broadening** (which strain often produces).

---

### What the researcher *should* do first

1. **Diagnose with a Williamson–Hall plot** before any Rietveld refinement — this is a model-free, graphical check.
2. If strain is confirmed, use a **strain-broadening model** in the refinement (e.g., refine the *U* Caglioti parameter, or use a dedicated microstrain model such as in TOPAS, FullProf, or GSAS-II).
3. If broadening is **anisotropic** (varies by *hkl* beyond the simple 2θ trend), consider a **spherical harmonic** or **phenomenological strain tensor** model.
4. Only then refine crystallite size (Scherrer/Lorentzian component) as a *secondary* contribution.

---

### Bottom line

Refining crystallite size when the angular dependence points to microstrain is putting the right tool on the wrong problem. The fit may improve numerically, but the extracted parameters will be physically meaningless — and microstrain, which often carries important information about defects, dislocations, or processing history, will be lost."""
claude,intensity_anomaly,open_ended,IA_01,"""This is a classic crystallographic troubleshooting scenario. Here are the most likely causes, roughly in order of probability:

## 1. Single Crystal Grain Orientation (Primary Suspect)
A large single crystal or highly oriented crystallite sitting in the beam path can produce one Bragg reflection with dramatically enhanced intensity. If that grain happens to satisfy the Bragg condition for a reflection near 30° 2θ, it appears as an anomalously sharp, intense peak. This is the **most common culprit** in powder diffraction anomalies of this type.

## 2. Preferred Orientation
If the sample has a platy or acicular morphology (common in layered materials or needle-like crystals), certain crystallographic planes can be systematically over-represented in the diffraction volume. This produces selective intensity enhancement of specific *hkl* reflections. Unlike a single grain effect, this would affect a family of reflections, but it can appear as an isolated anomaly if only one reflection family falls prominently in that angular range.

## 3. Contamination by a Secondary Phase
A trace amount of a highly crystalline impurity (e.g., substrate fragment, seeded crystal from a previous batch, or a decomposition product) could contribute a sharp, strong reflection. This would need to coincide at ~30° 2θ — not impossible given common phases like Si (~28.4°), ZrO₂ (~31°), or CaCO₃ (~29.4°).

## 4. Abnormally Large Crystallite Size in This Sample
Scherrer broadening means peak width scales inversely with crystallite size. If this particular sample has anomalously large, well-ordered crystallites (e.g., due to slower synthesis, higher annealing temperature, or different solvent), the peak will be narrower and proportionally taller, even if the integrated intensity is similar.

## 5. Local Compositional Ordering or Superstructure
In solid solutions or doped systems, if this one sample happens to sit at a stoichiometry that promotes cation/anion ordering, a superstructure reflection or a symmetry-forbidden reflection becoming allowed could appear. The sharpness would suggest long-range order.

## 6. Fluorescence or Detector Artefact
Depending on the X-ray source and sample composition, characteristic fluorescence from certain elements (e.g., Fe with Cu Kα radiation) can cause background elevation or, in energy-dispersive systems, spurious features. Less likely to be sharp, but worth ruling out.

---

## Recommended Diagnostic Steps

| Test | What It Rules In/Out |
|---|---|
| Re-measure with sample re-packed/reground | Single grain or orientation effects (should disappear or shift) |
| Measure in transmission geometry | Reduces preferred orientation artefacts |
| Compare integrated vs. peak intensity | If peak is sharp but integrated area normal → crystallite size effect |
| Check against PDF card database | Secondary phase contamination |
| Vary X-ray wavelength or use synchrotron | Fluorescence artefact |
| SEM/optical microscopy of sample | Large grain or morphology anomaly |

The **single-grain orientation** explanation is by far the most parsimonious — it requires no change in chemistry or phase, just an unlucky large crystallite satisfying Bragg's law at that angle. Re-packing the sample and re-measuring should be the first step."""
claude,intensity_anomaly,prioritisation,IA_02,"""## Most Likely Cause: Preferred Orientation

Of the three candidates, **preferred orientation** is the most likely explanation, and the reasoning follows directly from the specific observation.

### Why the observation is diagnostically constrained

The key features to explain simultaneously are:

- **A single reflection** is anomalous — not a cluster of peaks
- It is **sharper** *and* **more intense** than expected
- The **rest of the pattern is normal** and consistent with the isostructural series

Each candidate must account for *all three* of these features.

---

### Evaluating each explanation

**Impurity phase** — unlikely as the primary cause

An impurity would introduce peaks at positions *dictated by its own crystal structure*, which would almost certainly appear as **multiple reflections** at positions inconsistent with the host phase. It is implausible that an impurity phase would produce exactly one peak that happens to coincide precisely with a host reflection while contributing nothing elsewhere. A coincidental overlap at that one position could modestly increase intensity, but would not produce the sharpness enhancement.

**Differences in local ordering** — unlikely as the sole cause

Enhanced local or long-range ordering (e.g., partial superstructure ordering, reduced microstrain) would typically **narrow and intensify a family of peaks**, not selectively amplify one reflection. You might expect systematic changes across multiple related reflections (e.g., a set of *hkl* planes with similar *d*-spacings or multiplicities). An isolated single-peak effect is not a natural consequence of general ordering changes.

**Preferred orientation** — consistent with all three features

Preferred orientation arises when crystallites are non-randomly aligned — typically due to platy, needle-like, or otherwise anisotropic morphology. Its effect is:

- **Selective**: it enhances reflections whose *hkl* planes are parallel to the preferred plane of crystallite alignment, while suppressing others. A single dominant cleavage plane (e.g., {00*l*} in a layered material) can channel diffracted intensity almost entirely into one reflection family.
- **Intensity increase**: strongly consistent — this is the canonical effect.
- **Apparent sharpening**: if the relevant crystallites are large and well-aligned, the reflection also appears narrower because the effective coherent domain size contributing to that peak is larger than for randomly oriented grains.
- **Rest of pattern unaffected in position**: preferred orientation does not shift peak positions or add new peaks, so the rest of the pattern remaining normal is fully expected.

---

### Supporting reasoning

The ~30° 2θ position corresponds to a *d*-spacing of roughly **2.9–3.0 Å** (for Cu Kα), which is characteristic of **basal plane or low-index layer spacings** in many inorganic and MOF/layered materials. These are precisely the planes most susceptible to preferred orientation when crystallites settle flat during sample preparation (e.g., in a flat-plate PXRD mount).

The fact that this occurs in *one* sample of an isostructural series suggests a **sample preparation or morphology difference** in that batch — perhaps a different crystallite habit, particle size distribution, or mounting technique — rather than a fundamental structural change.

---

### Summary

| Criterion | Preferred Orientation | Impurity Phase | Local Ordering |
|---|---|---|---|
| Single peak affected | ✅ Natural | ❌ Unlikely | ❌ Unlikely |
| Intensity increase | ✅ Direct effect | ⚠️ Possible overlap | ✅ Possible |
| Peak sharpening | ✅ Explained by large aligned domains | ❌ Not explained | ⚠️ Partial |
| Rest of pattern normal | ✅ Expected | ❌ New peaks expected | ⚠️ Other peaks affected |

**Preferred orientation is the only explanation that naturally and simultaneously accounts for all four observed features.** The recommended diagnostic confirmation would be to re-measure the sample with a different mounting geometry (e.g., side-loading or capillary transmission mode) — preferred orientation effects are strongly geometry-dependent and should diminish or shift under rotation or transmission geometry."""
claude,intensity_anomaly,strategy_critique,IA_03,"""## Is the Researcher's Interpretation Reasonable?

**No — this interpretation is premature and likely incorrect.** A single anomalous reflection is almost never sufficient evidence for a new crystalline phase, and there is a much more parsimonious explanation available.

---

### The Most Probable Explanation: Preferred Orientation

When a single reflection is anomalously sharp *and* intense while the rest of the pattern is consistent with the series, the overwhelming first suspicion should be **preferred orientation** (texture) of the crystallites.

**Why this explains all the observations:**

- Platy, acicular, or otherwise anisotropic crystallites tend to pack non-randomly in a sample holder, causing one family of planes (e.g. a basal *00l* or a prominent *hkl*) to be systematically overrepresented in the diffraction geometry
- This increases the measured intensity and can sharpen the apparent peak profile for that reflection
- All other reflections remain consistent because the underlying crystal structure is unchanged — only the sampling statistics of crystallite orientation have changed
- It is *isostructural and same-phase* with the rest of the series by definition, so introducing a new phase adds unnecessary complexity

---

### Why a New Phase Interpretation is Weak

A credible new-phase assignment requires *multiple* new reflections that are:

| Criterion | New Phase Requires | This Sample Shows |
|---|---|---|
| Number of new peaks | Several, systematic | One |
| Consistency with space group | Obeys systematic absences | Not tested |
| Indexing | New unit cell solution | Not attempted |
| Peak positions | Shifted from parent phase | Absent |
| Relative intensities | Match a structural model | Only one data point |

Modelling it as multiphase without these criteria is over-fitting the data to an anomaly.

---

### Other Mundane Explanations to Rule Out First

1. **Crystallite size effect** — an unusually large single crystallite or a very narrow crystallite size distribution for one set of planes narrows the Scherrer-broadened peak
2. **Surface contamination** — a small crystalline contaminant that happens to have a strong reflection near 30° 2θ (e.g. Si from a reference standard, or NaCl from handling)
3. **Instrument artifact** — a detector glitch, a stray reflection from the sample holder, or a fluorescence contribution at that angle
4. **Partial recrystallisation** — the same phase with a bimodal crystallite size distribution, giving a sharper component superimposed on the usual broad peak

---

### What the Researcher Should Actually Do

1. **Re-measure** with a different sample preparation (back-loading, spray-drying, or capillary geometry) to see if the reflection intensity changes — the definitive test for preferred orientation
2. **Check** whether the anomalous peak coincides with any known contaminant
3. **Only if** new peaks appear *and* resist all of the above explanations should a new phase be entertained
4. **If a new phase is genuinely suspected**, collect data over a wider 2θ range and attempt full pattern decomposition or Rietveld refinement before publishing a multiphase model

---

### Summary

> A single intense, sharp reflection in an otherwise consistent pattern is a **textbook signature of preferred orientation**, not a new phase. The researcher's leap to multiphase modelling violates the principle of parsimony and is unsupported by the evidence presented. The anomaly demands a sample-preparation check first."""
claude,non_convergence,open_ended,NC_01,"""Rietveld refinement divergence typically comes from a handful of interrelated issues. Here are the most likely causes, roughly in order of how often they arise:

## Starting Model Problems

**Incorrect space group** is one of the most common culprits. Even a small symmetry error (e.g., choosing a non-centrosymmetric group when the true structure is centrosymmetric) creates systematic mismatches between observed and calculated profiles that the least-squares engine cannot reconcile. Similarly, **wrong unit cell parameters** — even if close — can prevent convergence if the peak positions never align properly.

**Missing or misplaced atoms** matter enormously. If a heavy atom is placed incorrectly, its dominant contribution to structure factors will corrupt the refinement of everything else. Hydrogen atoms and light atoms (O, N) in the presence of heavy scatterers are often the silent culprits when using X-ray data.

---

## Profile Function and Instrumental Parameters

If the **peak shape model** (pseudo-Voigt, Thompson–Cox–Hastings, etc.) is poorly matched to the actual peak profiles, the minimiser will oscillate trying to compensate with structural parameters. Similarly, **incorrect zero-point offset** or **wrong wavelength** causes systematic peak-position errors that translate into nonsensical cell parameter shifts.

The **background function** also matters: a poorly fitted background inflates or suppresses low-angle intensities and throws off thermal parameter refinement.

---

## Refinement Strategy Errors

This is arguably the most common *user-side* cause:

- **Refining too many parameters simultaneously too early.** The least-squares matrix becomes ill-conditioned. The classical approach is to refine scale → background → cell → profile → atomic positions → occupancies → ADPs, adding parameters in stages.
- **Unstable or physically unreasonable constraints.** Free refinement of occupancy and isotropic displacement parameter (U_iso) simultaneously leads to near-perfect correlation and divergence — they must be decoupled or one fixed.
- **Damping factor set too low** (in programs like GSAS or FullProf), allowing parameter shifts that overshoot minima.

---

## Correlated and Ill-Conditioned Parameters

Certain parameter pairs are intrinsically correlated and will cause the normal matrix to become singular or near-singular:

- **Occupancy ↔ U_iso** (as above)
- **Scale factor ↔ overall temperature factor**
- **Lattice parameters ↔ zero-point error** when data range is narrow
- **Multiple phases with similar d-spacings** — the phase fractions become mutually correlated

If the correlation matrix shows values > ~0.9 between any pair, convergence is unlikely without fixing or constraining one.

---

## Sample and Physical Effects Not Modelled

- **Preferred orientation** that is not accounted for distorts relative intensities dramatically, and the structure solution cannot compensate for this with reasonable atomic parameters.
- **Microstrain or anisotropic broadening** — if peaks broaden anisotropically but the model assumes isotropic broadening, the profile residuals remain high and pull atomic parameters.
- **Absorption** (especially in Bragg-Brentano geometry with dense samples) modifies relative intensities in a 2θ-dependent way.
- **Extinction** in highly crystalline samples suppresses strong reflections; ignoring this makes high-intensity peaks impossible to fit.

---

## Data-Specific Issues

Even with nominally acceptable data, subtle problems cause non-convergence:

- **Unmodelled impurity phases** — even a few percent of an unindexed phase creates residual peaks that distort the background and pull profile parameters.
- **Poor counting statistics at high angle** — ADPs and site occupancies are primarily constrained by high-angle data; if this region is noisy, these parameters diverge.
- **Incorrect data normalisation or monitor correction** (for neutron TOF data).

---

## Practical Diagnostic Checklist

| Check | What to look for |
|---|---|
| Difference plot | Systematic offsets → cell/zero-point; alternating mismatches → wrong space group |
| R-factors | R_wp stuck high despite low R_exp → model problem, not data |
| Shift/esd ratios | Large shifts on a single parameter → correlation or wrong starting value |
| Correlation matrix | Off-diagonal > 0.9 → constrain or fix one parameter |
| Visual profile | Asymmetric residuals → absorption, preferred orientation, or wrong peak shape |

The most productive first step is nearly always to **revert to the simplest possible model** (scale + background + cell only), confirm those converge, then add complexity incrementally."""
claude,non_convergence,prioritisation,NC_02,"""Without additional context about your specific refinement, I can't definitively identify **the** cause — but I can walk you through how to reason about likelihood, since these three causes have distinct diagnostic signatures.

---

## Most Likely Cause: Parameter Correlations

In practice, **parameter correlations** are the most *common* reason a Rietveld refinement fails to converge, particularly for users who haven't yet sequenced their refinement strategy carefully. Here's why it tends to dominate:

**Why correlations are so common:**
- Scale factor, background, and unit cell parameters are mutually correlated — refining them simultaneously without a good starting model leads to divergence
- Atomic displacement parameters (ADPs/B-factors) correlate strongly with site occupancies and with each other, especially for light atoms
- Profile parameters (e.g. U, V, W in the Caglioti function) can correlate with peak asymmetry and zero-point correction terms
- If you refine too many profile + structural parameters at once, the least-squares matrix becomes near-singular

The tell-tale sign is that the refinement *oscillates* or produces physically unreasonable values (negative ADPs, occupancies > 1, wildly wrong cell parameters) rather than simply plateauing.

---

## The Other Two, Contextualised

**Incorrect structural model** is actually the *most catastrophic* cause — it doesn't just prevent convergence, it causes the R-factors to remain very high (~30–50% R_wp) regardless of how many cycles you run. If your starting model is wrong (wrong space group, missing heavy atoms, wrong atom types), the refinement will diverge or settle into a clearly unphysical local minimum. This is serious but usually *obvious* from large discrepancy factors early on.

**Over-parameterisation** is essentially a special case of correlations — you have more free parameters than the data can support (too low a data-to-parameter ratio). This becomes the dominant issue when refining low-symmetry structures, anisotropic ADPs, or site-split models on data with modest resolution or counting statistics. The symptom is often a singular or near-singular normal matrix (your software may explicitly warn you).

---

## Practical Diagnostic Hierarchy

If your refinement won't converge, work through this logic:

1. **Check R_wp / R_exp** — is the fit catastrophically bad (>40%)? → suspect wrong model
2. **Look at the difference curve** — systematic misfit in peak positions → cell parameters wrong; wrong intensities throughout → structural model issue
3. **Check parameter shift/e.s.d. ratios** — are shifts large and oscillating cycle-to-cycle? → correlations
4. **Count free parameters vs. independent reflections** — ratio > ~1:5 is risky → over-parameterisation

The standard remedy for correlations and over-parameterisation is the same: **refine sequentially**, adding parameters in order of impact (scale → background → cell → profile → coordinates → ADPs → occupancies), and only release a new parameter once the previous set has stabilised."""
claude,non_convergence,strategy_critique,NC_03,"""## Is This an Appropriate Strategy?

**No — this is generally a poor strategy, and may make things worse.**

---

### Why Refinement Order Matters

Rietveld refinement is a least-squares minimisation process that is highly sensitive to parameter correlation and the starting quality of the fit. The refinement parameters are not independent: if the large-scale features of the calculated pattern are wrong, refining fine structural details will drive parameters toward physically meaningless values to compensate.

---

### The Correct Hierarchy of Refinement

Parameters should be introduced roughly in order of their impact on the overall profile:

1. **Scale factor** — always first; the overall intensity match must be established before anything else is meaningful.
2. **Background** — a misfit background distorts every subsequent parameter.
3. **Lattice parameters (a, b, c, α, β, γ)** — corrects the peak *positions* globally.
4. **Zero-point error / sample displacement** — systematic peak-position offset.
5. **Peak profile parameters** (U, V, W; Lorentzian terms; asymmetry) — corrects peak *shapes* and widths.
6. **Atomic positions (x, y, z)** — now that peaks are in the right place with the right shape, positional shifts are interpretable.
7. **Site occupancies** (if warranted by the chemistry).
8. **Atomic displacement parameters / thermal parameters (B_iso or U_ij)** — refined last, as they are the most correlated with other parameters and most sensitive to a good overall fit.

---

### Specific Problems With the Described Strategy

| Problem | Consequence |
|---|---|
| Scale factor likely wrong | Thermal parameters (especially *B*) will absorb intensity errors, producing unphysical values (negative *B*, wildly large *B*) |
| Peak positions not yet matched | Atomic positions will shift spuriously to compensate for lattice misfits rather than reflecting true structure |
| Profile shape not refined | Peaks with wrong widths create systematic residuals that corrupt both positional and thermal parameters |
| High parameter correlation at this stage | Refinement instability; parameters oscillate or diverge — the convergence failure worsens |

---

### What the Researcher Should Actually Do

1. **Diagnose *why* convergence failed** — inspect the difference plot (Y_obs − Y_calc). Is the problem peak positions (wrong cell), intensities (wrong scale/structure), background, or profile shape?
2. **Reset to a minimal parameter set** — refine only scale + background first.
3. **Work down the hierarchy above**, adding parameters one or two at a time and checking that *R*-factors improve and parameters stay physically reasonable.
4. **Check constraints** — especially for anisotropic displacement parameters, which require positive-definite tensors.

---

### Summary

Jumping to atomic positions and thermal parameters *before* establishing the global fit (scale, background, cell, profile) is like adjusting the fine-tuning of an engine before checking whether it has fuel. The structural parameters cannot refine correctly when the foundation of the calculated profile is wrong, and the researcher risks obtaining a locally converged but physically nonsensical result."""
claude,peak_positions,open_ended,PP_01,"""## Systematic Peak Shifts in PXRD at High 2θ

Small systematic deviations between observed and calculated peak positions — especially increasing with 2θ — are a classic problem in powder diffraction. Here are the most likely explanations:

---

### 1. **Sample Displacement Error**
The most common culprit. If the sample surface is slightly above or below the diffractometer axis (the goniometer centre), peaks shift by:

$$\Delta 2\theta = -\frac{2s\cos\theta}{R}$$

where *s* is the displacement and *R* is the goniometer radius. This effect **grows with cos θ**, meaning it's most visible at lower angles — but if the pattern is *otherwise* good and residuals grow at high angle, displacement is still worth checking.

---

### 2. **Unit Cell Parameter Mismatch**
If the structural model uses slightly incorrect lattice parameters (e.g., from a different temperature, pressure, or composition), peak shifts accumulate systematically. At higher 2θ, peaks are more closely spaced and any *d*-spacing error produces a larger angular shift:

$$\Delta 2\theta \propto \frac{\Delta d}{d} \cdot \tan\theta$$

This is the most physically meaningful cause — the real structure is slightly expanded/contracted relative to the model.

---

### 3. **Thermal Expansion / Temperature Difference**
If the experimental data were collected at a temperature different from that used to generate the calculated pattern (e.g., room temperature vs. a literature value at a different T), thermal expansion will shift all peaks, with the effect being **systematic and 2θ-dependent**.

---

### 4. **Zero-Point (2θ Zero) Calibration Error**
A constant offset in the 2θ axis from instrument miscalibration shifts all peaks by the same absolute amount in *angle*, but this translates to **variable d-spacing errors** that appear larger at high angle. Detectable by running a NIST standard (e.g., Si, LaB₆).

---

### 5. **Axial Divergence (Instrument Aberration)**
At **low 2θ**, axial divergence causes asymmetric peak broadening and a shift toward lower angles. At **high 2θ** this effect diminishes, which can produce a systematic trend in residuals across the pattern if not properly modelled in the refinement.

---

### 6. **Absorption Effects**
For highly absorbing samples (high µR), peaks can shift — particularly in Bragg–Brentano geometry — because X-rays don't fully penetrate the sample. This introduces a **sin θ-dependent** shift.

---

### 7. **Solid Solution / Compositional Variation**
If the real sample has a slightly different composition than the model (e.g., partial substitution, non-stoichiometry, vacancies), the unit cell will be subtly different, causing the high-angle peaks (which are most sensitive to *d*-spacing) to deviate most.

---

## Diagnostic Summary

| Cause | Angle Dependence | Fix |
|---|---|---|
| Sample displacement | ~cos θ | Repack sample, refine displacement parameter |
| Wrong unit cell | ~tan θ | Refine lattice parameters (Rietveld/Le Bail) |
| Temperature mismatch | ~tan θ | Match T or add thermal expansion correction |
| Zero-point error | Constant offset | Calibrate with standard |
| Axial divergence | Low-angle asymmetry | Use Soller slits, model in software |
| Absorption | ~sin θ | Thin sample, correct µR |

---

**Practical recommendation:** Perform a **Le Bail or Rietveld refinement** allowing lattice parameters and instrument parameters (zero shift, displacement) to vary freely. The refined values will tell you which physical effect dominates."""
claude,peak_positions,prioritisation,PP_02,"""## Most Likely Cause: Sample Displacement (Zero Shift)

The pattern of deviations you describe — **small but systematic, worsening at higher 2θ** — is the classic fingerprint of **sample displacement error**, and here's why it fits better than the alternatives.

---

### How Each Candidate Behaves

**1. Sample Displacement (Zero Shift) ← Most Likely**

When the sample surface sits slightly above or below the instrument's focusing circle, it introduces a shift in all peak positions that follows:

$$\Delta 2\theta = -\frac{2s\cos\theta}{R}$$

where *s* is the displacement and *R* is the goniometer radius. The key consequence:

- The shift is **not constant** — it varies with θ
- At **low 2θ**, cosθ ≈ 1, so the effect is near-maximum but peaks are sparse and broad, making deviations harder to spot
- At **high 2θ**, cosθ decreases, so the *absolute* shift shrinks — but peaks are sharp and densely spaced, making even small residual deviations visually prominent and systematically patterned
- Crucially, the deviation **changes sign or magnitude monotonically** across the pattern, which matches your description

This is extremely common in flat-plate Bragg–Brentano geometry and requires no flaw in the structural model.

---

**2. Lattice Parameter Errors**

If the unit cell parameters in your model are slightly wrong, *all* peaks shift in a direction consistent with Bragg's law:

$$\Delta d/d = -\Delta\theta \cdot \cot\theta$$

- This **also produces systematic deviations**, but the shift increases at higher 2θ (peaks compress together as d-spacings approach λ/2)
- Distinguishable from displacement because a lattice error shifts peaks in a **d-spacing-dependent** way, and a simple Pawley or Le Bail refinement of cell parameters would eliminate it cleanly
- If your calculated pattern uses the correct published/refined cell, this is less likely — but if the cell was taken from a different temperature or composition, it's worth checking

---

**3. Structural Model Limitations**

Errors in atomic positions, site occupancies, or thermal parameters affect **peak intensities**, not peak positions. They would manifest as:

- Mismatched peak heights or relative intensities
- Systematic intensity errors in certain *hkl* classes (due to structure factor effects)
- They do **not** cause the kind of position drift you describe

This is therefore essentially **ruled out** as an explanation for positional deviations.

---

### Summary Table

| Cause | Position shift? | Intensity error? | Worsens at high 2θ? | Likely here? |
|---|---|---|---|---|
| Sample displacement | ✅ Systematic | ✗ | ✅ Yes (sharp peaks reveal it) | **✅ Most likely** |
| Lattice parameter error | ✅ Systematic | ✗ | ✅ Yes | Possible — check refinement |
| Structural model error | ✗ Minimal | ✅ Yes | ✗ | ✗ No |

---

### Recommended Diagnostic

Refine a **zero-shift parameter** (or sample displacement parameter) in your Rietveld refinement software (GSAS-II, FullProf, TOPAS). If the residuals collapse at high 2θ after this correction, displacement was the culprit. If deviations persist, then simultaneously refine the unit cell — a small lattice constant error may be compounding the effect."""
claude,peak_positions,strategy_critique,PP_03,"""## Simultaneous Refinement of Lattice Parameters and Atomic Positions

**This strategy can be appropriate, but only under specific conditions.** Whether it is suitable depends critically on the stage of the refinement and the quality of the starting model.

---

### Why It Can Be Appropriate

In **Rietveld refinement** (or similar least-squares structural refinement methods), lattice parameters and atomic positions are mathematically distinct sets of parameters:

- **Lattice parameters** define the unit cell geometry and shift peak *positions*.
- **Atomic positions** (fractional coordinates) determine structure factor amplitudes and affect peak *intensities*.

Because they primarily affect different aspects of the diffraction pattern, they are **relatively orthogonal** in parameter space, meaning their cross-correlations are often low enough to allow simultaneous refinement without severe instability — especially once a reasonable starting model exists.

Modern refinement software (GSAS-II, FullProf, TOPAS) is designed precisely for this kind of joint refinement.

---

### Why It Can Be Problematic

Simultaneous refinement is risky when:

| Condition | Risk |
|---|---|
| Poor initial model | Refinement shifts are large; parameters compete and the least-squares matrix may be ill-conditioned |
| High parameter correlation | e.g., site occupancy vs. thermal parameters vs. atomic positions can be strongly correlated |
| Too many free parameters at once | Leads to divergence or a false minimum |
| Low data-to-parameter ratio | Underdetermined system; results become unreliable |

---

### Best Practice: Sequential → Simultaneous

The standard, robust strategy is **staged refinement**:

1. **First**, refine the scale factor and background alone.
2. **Then**, refine lattice parameters (peak positions).
3. **Then**, add profile/peak shape parameters.
4. **Only once the model is stable**, introduce atomic positional parameters.
5. **Finally**, allow full simultaneous refinement of all well-behaved parameters together.

Jumping straight to simultaneous refinement without a stable intermediate model risks **parameter divergence, false minima, and physically meaningless results** — even if the R-factors appear to improve superficially.

---

### Conclusion

> Simultaneous refinement of lattice parameters and atomic positions is **appropriate as a final convergence step**, but **inappropriate as an opening strategy** with a crude starting model. A sequential approach that builds parameter complexity gradually is far more reliable and physically defensible."""
claude,doping_shared_sites,open_ended,DS_01,"""Systematic intensity mismatches in Rietveld refinement, when peak positions and shapes are already well-modeled, point to problems with the **structure factor** calculation rather than the lattice or profile functions. Here are the most likely causes, roughly in order of how commonly they arise:

---

## 1. Preferred Orientation (Texture)

The most frequent culprit. If crystallites are not randomly oriented — due to platy, needle-like, or otherwise anisotropic morphology — certain *hkl* families will be systematically over- or under-represented in intensity.

- Affects specific classes of reflections in a non-random pattern
- Common in layered materials, clays, micas, or anything with pronounced cleavage
- **Fix:** Apply a March-Dollase or spherical harmonics correction; better yet, prepare a more randomly oriented sample (e.g., back-loading, spray-drying)

---

## 2. Incorrect Atomic Displacement Parameters (ADPs)

Isotropic or anisotropic displacement parameters (*B*iso / *U*iso) directly modulate the calculated structure factor via the Debye-Waller factor. If these are poorly constrained or physically unreasonable:

- High-angle reflections are disproportionately affected (intensity falls off too fast or too slowly)
- Can partially compensate for, or mask, other errors
- **Fix:** Refine ADPs carefully; apply physically reasonable constraints; consider anisotropic ADPs for heavy atoms

---

## 3. Wrong or Incomplete Occupancy Model on the Doped Site

Since you have partial occupancy, this is especially pertinent. Errors here directly scale intensities of reflections sensitive to that site's scattering contribution.

- Wrong dopant concentration or incorrect scattering factor assigned to the mixed site
- Ignoring charge-compensation vacancies on other sites
- Correlated refinement between occupancy and ADP (a classic trap — they are highly co-dependent)
- **Fix:** Fix one while refining the other; use complementary techniques (ICP-OES, EDX, neutron diffraction) to independently constrain composition

---

## 4. Absorption and Microabsorption

Relevant when phases contain elements with very different absorption coefficients, or when using laboratory X-rays near an absorption edge.

- Microabsorption occurs when coarse-grained high-absorbing particles selectively attenuate diffracted beams — the effect is particle-size and *hkl*-dependent
- Particularly problematic in mixed-phase samples or materials with heavy dopants
- **Fix:** Brindley correction; reduce particle size by grinding; use higher-energy (synchrotron) radiation

---

## 5. Errors in Atomic Coordinates

Systematic intensity mismatches that don't follow a preferred-orientation signature often indicate that one or more atoms are not in their true positions — especially light atoms near heavy ones, or the dopant itself.

- Oxygen positions in oxides are frequently under-determined from lab X-ray data
- Dopant may induce local distortions not captured by the average structure model
- **Fix:** Refine all coordinates freely; use neutron diffraction for better sensitivity to light atoms

---

## 6. Wrong Space Group or Incorrect Site Symmetry

If the true symmetry is lower than assumed (e.g., a subtle distortion due to doping), systematic absences or intensity distributions will not match.

- Superstructure reflections may appear or allowed reflections may split
- The doped material may not share the same space group as the parent phase
- **Fix:** Examine difference Fourier maps for residual electron density; check for weak additional peaks indicating a superstructure

---

## 7. Surface Roughness and Extinction

- **Surface roughness** of the sample suppresses low-angle intensities relative to high-angle ones
- **Primary extinction** (rare in powders, more common in large single-crystal grains) reduces strong-reflection intensities
- **Fix:** Roughness correction (Pitschke, Suortti); minimize grain size

---

## 8. Multiple Scattering / Anomalous Dispersion

- Near absorption edges, real and imaginary anomalous scattering corrections (*f'*, *f''*) become significant and must be included
- Often overlooked in standard lab refinements with Mo or Cu Kα radiation when heavy dopants are present

---

## Diagnostic Strategy

| Observation | Most likely cause |
|---|---|
| Mismatches follow *00l* or *h00* families | Preferred orientation |
| Systematic fall-off at high angle | ADP too low |
| Intensities scale with dopant-sensitive reflections | Occupancy / scattering factor error |
| Low-angle intensities suppressed | Surface roughness or absorption |
| Unindexed weak peaks present | Wrong space group / superstructure |
| Difference Fourier shows residual density | Wrong atomic coordinates |

The standard workflow is to address preferred orientation first (it is most impactful and easiest to diagnose), then verify the occupancy–ADP refinement strategy, then examine difference Fourier maps for coordinate errors, and finally consider absorption and symmetry issues."""
claude,doping_shared_sites,prioritisation,DS_02,"""## Most Likely Cause: Incorrect Occupancy Values

Given the specific combination of symptoms — **good peak positions, reasonable peak shapes, but systematic intensity mismatches** — incorrect occupancy values are the most likely primary cause. Here's a systematic analysis of all three candidates:

---

### Why Incorrect Occupancy Values Are Most Suspect

In a doped material with partial occupancy, the structure factor F(hkl) is directly modulated by the scattering power of each site:

$$F(hkl) = \sum_j f_j \cdot g_j \cdot e^{2\pi i(hx_j + ky_j + lz_j)} \cdot e^{-B_j \sin^2\theta / \lambda^2}$$

where $g_j$ is the fractional occupancy. Errors in $g_j$ propagate **directly and selectively into peak intensities**, leaving positions and shapes untouched — which is exactly the observed symptom profile.

**Critically**, in doped systems the dopant and host atom often differ significantly in atomic number (and thus X-ray scattering factor $f_j$), so even modest errors in $g_j$ produce **strong, hkl-dependent intensity mismatches**. This selectivity is diagnostically valuable: the miscalculation affects reflections with large contributions from the partially occupied site more than others.

Additional reasons this fits:
- Occupancy and site displacement parameter (ADP/B-factor) are **strongly correlated** in refinement, meaning one can be wrong while the other compensates — yet the visible pattern mismatch persists
- Initial occupancy estimates from nominal composition are frequently inaccurate due to synthesis losses, volatilization, or non-stoichiometry

---

### Why Local Ordering Is Less Likely (But Cannot Be Dismissed)

Local ordering — where dopant atoms prefer specific neighbors or form short-range clusters — is a real phenomenon, but it manifests differently:

- It produces **diffuse scattering** between Bragg peaks, not Bragg intensity mismatches per se
- It may cause subtle **peak asymmetries or anomalous linewidths** in certain reflections, but this would appear as a shape problem, not just an intensity problem
- The average structure (what Rietveld refines) can still be a good model even when local ordering exists — the refinement would converge with acceptable R-factors while the diffuse background carries the local-order signal

The key discriminator: if local ordering were the dominant issue, you'd more likely see unexplained **diffuse scattering features** and potentially **poor fits to specific reflection families**, not a clean systematic intensity offset across the whole pattern.

---

### Why Preferred Orientation Is Unlikely Here

Preferred orientation (texture) is a strong candidate in many refinements, but several features argue against it being the *primary* cause here:

| Feature | Preferred Orientation | Occupancy Error |
|---|---|---|
| Affects peak positions | No | No ✓ |
| Affects peak shapes | Marginally | No ✓ |
| Systematic intensity mismatch | Yes — but **geometrically structured** (affects related hkl families) | Yes — **hkl-dependent via structure factor** |
| Depends on sample preparation | Strongly | No |
| Occurs in doped materials specifically | Not especially | Yes — directly tied to dopant |

Preferred orientation produces intensity errors that follow the **crystallographic texture geometry** — for example, all 00l reflections enhanced and h00 suppressed. If the mismatches do not follow such a geometric family pattern, texture is unlikely. Furthermore, the problem statement specifies a *doped material with partial occupancy* as the structural context — this strongly focuses suspicion on the occupancy model itself.

---

### Recommended Diagnostic Steps

1. **Refine occupancy freely** (with appropriate constraints for charge balance or site sum = 1) and check if R-factors improve substantially
2. **Check for occupancy–ADP correlation** — release both simultaneously and inspect the correlation matrix
3. **Plot difference curve by d-spacing**: if mismatches cluster around specific hkl families consistent with one crystallographic direction, investigate texture; if they're scattered across all d-spacings, occupancy is implicated
4. **Consider neutron diffraction** if available — neutron scattering lengths are often more sensitive to light dopants or elements adjacent in the periodic table where X-ray contrast is poor
5. **Check for superstructure reflections** that might indicate long-range ordering of the dopant, which would require a larger supercell model

---

### Summary

The symptom triad of **correct positions + correct shapes + wrong intensities** is the classical fingerprint of a **structure factor problem**, and in a doped material with partial occupancy, the occupancy parameters are the most direct and chemically motivated source of structure factor error. The other explanations are plausible secondary contributions but would each produce additional diagnostic features not described here."""
claude,doping_shared_sites,strategy_critique,DS_03,"""## Refining Occupancy and Thermal Parameters Simultaneously

**No, this is generally not an appropriate strategy** — at least not without careful consideration. Here's why:

### The Core Problem: Parameter Correlation

Occupancy and atomic displacement parameters (ADPs, or thermal parameters) are **highly correlated** in least-squares refinement. Both parameters scale the intensity of diffraction peaks in a similar mathematical way:

- The **occupancy** (*s*) scales the scattering contribution of an atom directly.
- The **ADP** (*B* or *U*) attenuates scattering as a function of sin²θ/λ².

Because of this, the refinement engine can compensate for a change in one by adjusting the other — a lower occupancy can be ""mimicked"" by a higher thermal parameter, and vice versa. This leads to:

- **Ill-conditioned normal equations** (near-singular matrices)
- **Divergence or oscillation** of the refinement
- **Physically unreasonable values** (e.g., negative ADPs, or occupancies > 1)
- **Inflated estimated standard uncertainties (ESUs)**

### The Mathematical Basis

Both parameters appear in the structure factor equation:

$$F_{hkl} = \sum_j s_j \cdot f_j \cdot T_j(hkl) \cdot e^{2\pi i(hx_j + ky_j + lz_j)}$$

where $T_j$ is the Debye-Waller factor. Since $s_j$ and $T_j$ both modulate the same $f_j$ term, they are not independently determinable without additional constraints or high-quality data.

---

### When It *Can* Be Done

Simultaneous refinement may be acceptable under specific conditions:

| Condition | Reason it helps |
|---|---|
| High-resolution data (d < 0.8 Å) | Wide sin θ/λ range separates the two effects |
| High data-to-parameter ratio | More observations constrain each parameter |
| Site is clearly partially occupied (known chemistry) | Physical model constrains the problem |
| Anisotropic ADPs already converged | Fewer remaining correlations |

---

### Better Practice

A more appropriate strategy would be to:

1. **Fix occupancy** at a chemically reasonable value and refine ADPs first.
2. **Fix ADPs** (or use isotropic constraints) and refine occupancy.
3. **Alternate** between the two in successive refinement cycles.
4. Use **restraints or constraints** informed by chemical knowledge (e.g., site symmetry, bond valence sums).
5. Examine the **correlation matrix** — if the off-diagonal element between occupancy and ADP exceeds ~0.8–0.9, simultaneous refinement is unreliable.

---

### Summary

Refining occupancy and thermal parameters simultaneously is problematic because they are **physically and mathematically correlated**, making it difficult for the least-squares algorithm to find a unique, physically meaningful solution. The strategy is only defensible with high-quality, high-resolution data and careful monitoring of the correlation matrix and parameter behavior."""
