model,module,prompt_type,prompt_id,core_score,bonus_score,total_score,notes
claude,peak_broadening,open_ended,PB_01,6,2,8,"Correctly identifies microstrain and explains angle dependence well. Strong strain vs size distinction and use of Williamson-Hall. However, lacks explicit prioritisation, does not clearly translate reasoning into refinement steps, and is overly verbose."
claude,peak_broadening,prioritisation,PB_02,6,2,8,"Correctly identifies microstrain as dominant cause and provides strong physics-based reasoning using Bragg’s law. Demonstrates clear prioritisation. However, initial incorrect identification of crystallite size reveals internal inconsistency. Lacks explicit refinement strategy and remains overly verbose."
claude,peak_broadening,strategy_critique,PB_03,9,2,11,Correctly identifies microstrain as dominant mechanism and strongly critiques incorrect strategy. Demonstrates clear prioritisation and provides an appropriate refinement workflow (diagnosis → strain → size). High-quality causal reasoning linking parameter misuse to physically incorrect models. Slight verbosity remains but overall highly effective and actionable.
claude,intensity_anomaly,open_ended,IA_01,6,2,8,"Provides a well-structured set of plausible causes with clear prioritisation and strong experimental reasoning. Diagnostic steps are highly practical and actionable. However, does not fully leverage the series context to rule out structural changes and is overly verbose. Slight ambiguity in prioritising single-grain vs preferred orientation as the primary cause."
claude,intensity_anomaly,prioritisation,IA_02,8,2,10,"Excellent prioritisation response. Clearly identifies preferred orientation as the most likely cause and explicitly compares it against impurity phase and local ordering. Uses the series context well, distinguishes local intensity anomaly from global structural change, and provides a concrete diagnostic strategy. Strong reasoning with good uncertainty calibration and acceptable conciseness."
claude,intensity_anomaly,strategy_critique,IA_03,8,2,10,Correctly rejects the multiphase interpretation and identifies preferred orientation as the dominant cause. Strong use of series context and clear distinction between local anomaly and global structural change. Provides well-structured reasoning and a highly actionable diagnostic strategy. Demonstrates excellent application of parsimony and experimental logic. Slight verbosity remains but does not detract from clarity.
claude,non_convergence,open_ended,NC_01,6,2,8,"Strong and technically detailed answer that correctly identifies multiple causes of non-convergence, including model errors, profile issues, over-parameterisation, and parameter correlations. Provides excellent refinement strategy and practical diagnostics. However, it lacks strict prioritisation of one or two dominant causes and is overly verbose, listing many possibilities rather than focusing on the most likely drivers."
claude,non_convergence,prioritisation,NC_02,8,2,10,"Excellent prioritisation response. Clearly identifies parameter correlations as the most likely cause while appropriately contextualising incorrect structural model and over-parameterisation. Strong reasoning linking correlations to instability and near-singular least-squares matrices. Provides a clear diagnostic hierarchy and sequential refinement strategy, with good uncertainty calibration and focused relevance."
claude,non_convergence,strategy_critique,NC_03,8,2,10,"Correctly rejects the proposed refinement strategy and identifies premature refinement of atomic positions and thermal parameters as the core issue. Provides a clear and accurate refinement hierarchy (scale → background → cell → profile → structure) with strong causal reasoning linking parameter order to convergence stability. Highly actionable and physically grounded, with appropriate handling of parameter correlations. Well-structured and focused."
claude,peak_positions,open_ended,PP_01,2,2,4,"Provides a broad and technically correct list of possible causes, including instrumental and structural effects. However, fails to prioritise or identify the most likely cause based on the observed high-angle dependence. Does not effectively use the diagnostic signal to discriminate between mechanisms and remains overly verbose. Weak connection between reasoning and actionable refinement strategy."
claude,peak_positions,prioritisation,PP_02,3,2,5,"Incorrectly identifies sample displacement as the dominant cause. Misinterprets the angular dependence of peak shifts, confusing visibility effects with underlying geometric scaling. While reasoning structure is coherent and prioritisation is explicit, the core physical interpretation is wrong. Demonstrates a critical failure in geometric reasoning despite otherwise good organisation and diagnostic suggestions."
claude,peak_positions,strategy_critique,PP_03,0,2,2,"Fails to address the specific problem of peak position discrepancies and instead provides a general discussion of when simultaneous refinement may be appropriate. Does not use the key signal (systematic high-angle deviations) and does not identify the underlying geometric or lattice-related issue. While the refinement strategy described is broadly correct, it is not applied to the scenario, resulting in a contextually irrelevant answer."
claude,doping_shared_sites,open_ended,DS_01,5,2,7,"Correctly identifies intensity mismatch as a structure factor issue and provides strong explanations of ADPs, occupancy, and preferred orientation effects. However, prioritisation is generic rather than context-specific, failing to emphasise occupancy/disorder in a doped system. Does not fully articulate limitations of PXRD in capturing local ordering. Overly verbose with too many possible causes."
claude,doping_shared_sites,prioritisation,DS_02,8,2,10,"Correctly identifies incorrect occupancy as the dominant cause and provides strong, domain-specific reasoning linking structure factor contributions to intensity mismatches. Effectively evaluates alternative explanations and uses the doped system context appropriately. Provides clear and actionable diagnostic strategies. Slight verbosity and limited explicit discussion of PXRD limitations for local disorder."
claude,doping_shared_sites,strategy_critique,DS_03,8,2,10,Correctly identifies strong correlation between occupancy and ADPs as the core issue and clearly rejects the proposed strategy. Provides rigorous mathematical and physical explanation of parameter correlation and its impact on refinement stability. Suggests appropriate sequential refinement strategies and constraint-based approaches. Slight lack of explicit connection to PXRD limitations but overall highly accurate and focused.
